Alameda County,1
Alpine County,3
Amador County,5
Butte County,7
Calaveras County,9
Colusa County,11
Contra Costa County,13
Del Norte County,15
El Dorado County,17
Fresno County,19
Glenn County,21
Humboldt County,23
Imperial County,25
Inyo County,27
Kern County,29
Kings County,31
Lake County,33
Lassen County,35
Los Angeles County,37
Madera County,39
Marin County,41
Mariposa County,43
Mendocino County,45
Merced County,47
Modoc County,49
Mono County,51
Monterey County,53
Napa County,55
Nevada County,57
Orange County,59
Placer County,61
Plumas County,63
Riverside County,65
Sacramento County,67
San Benito County,69
San Bernardino County,71
San Diego County,73
San Francisco,75
San Joaquin County,77
San Luis Obispo County,79
San Mateo County,81
Santa Barbara County,83
Santa Clara County,85
Santa Cruz County,87
Shasta County,89
Sierra County,91
Siskiyou County,93
Solano County,95
Sonoma County,97
Stanislaus County,99
Sutter County,101
Tehama County,103
Trinity County,105
Tulare County,107
Tuolumne County,109
Ventura County,111
Yolo County,113
Yuba County,115
